kode_prov,provinsi,kode_kab,kabupaten,kode_kec,kecamatan
31,Daerah Khusus Ibukota Jakarta,31.01,Kabupaten Administrasi Kepulauan Seribu,31.01.01,Kepulauan Seribu Utara
31,Daerah Khusus Ibukota Jakarta,31.01,Kabupaten Administrasi Kepulauan Seribu,31.01.02,Kepulauan Seribu Selatan
31,Daerah Khusus Ibukota Jakarta,31.71,Kota Administrasi Jakarta Pusat,31.71.01,Gambir
31,Daerah Khusus Ibukota Jakarta,31.71,Kota Administrasi Jakarta Pusat,31.71.02,Sawah Besar
31,Daerah Khusus Ibukota Jakarta,31.71,Kota Administrasi Jakarta Pusat,31.71.03,Kemayoran
31,Daerah Khusus Ibukota Jakarta,31.71,Kota Administrasi Jakarta Pusat,31.71.04,Senen
31,Daerah Khusus Ibukota Jakarta,31.71,Kota Administrasi Jakarta Pusat,31.71.05,Cempaka Putih
31,Daerah Khusus Ibukota Jakarta,31.71,Kota Administrasi Jakarta Pusat,31.71.06,Menteng
31,Daerah Khusus Ibukota Jakarta,31.71,Kota Administrasi Jakarta Pusat,31.71.07,Tanah Abang
31,Daerah Khusus Ibukota Jakarta,31.71,Kota Administrasi Jakarta Pusat,31.71.08,Johar Baru
31,Daerah Khusus Ibukota Jakarta,31.72,Kota Administrasi Jakarta Utara ,31.72.01,Penjaringan
31,Daerah Khusus Ibukota Jakarta,31.72,Kota Administrasi Jakarta Utara ,31.72.02,Tanjung Priok
31,Daerah Khusus Ibukota Jakarta,31.72,Kota Administrasi Jakarta Utara ,31.72.03,Koja
31,Daerah Khusus Ibukota Jakarta,31.72,Kota Administrasi Jakarta Utara ,31.72.04,Cilincing
31,Daerah Khusus Ibukota Jakarta,31.72,Kota Administrasi Jakarta Utara ,31.72.05,Pademangan
31,Daerah Khusus Ibukota Jakarta,31.72,Kota Administrasi Jakarta Utara ,31.72.06,Kelapa Gading
31,Daerah Khusus Ibukota Jakarta,31.73,Kota Administrasi Jakarta Barat,31.73.01,Cengkareng
31,Daerah Khusus Ibukota Jakarta,31.73,Kota Administrasi Jakarta Barat,31.73.02,Grogol Petamburan
31,Daerah Khusus Ibukota Jakarta,31.73,Kota Administrasi Jakarta Barat,31.73.03,Taman Sari
31,Daerah Khusus Ibukota Jakarta,31.73,Kota Administrasi Jakarta Barat,31.73.04,Tambora
31,Daerah Khusus Ibukota Jakarta,31.73,Kota Administrasi Jakarta Barat,31.73.05,Kebon Jeruk
31,Daerah Khusus Ibukota Jakarta,31.73,Kota Administrasi Jakarta Barat,31.73.06,Kalideres
31,Daerah Khusus Ibukota Jakarta,31.73,Kota Administrasi Jakarta Barat,31.73.07,Pal Merah
31,Daerah Khusus Ibukota Jakarta,31.73,Kota Administrasi Jakarta Barat,31.73.08,Kembangan
31,Daerah Khusus Ibukota Jakarta,31.74,Kota Administrasi Jakarta Selatan,31.74.01,Tebet
31,Daerah Khusus Ibukota Jakarta,31.74,Kota Administrasi Jakarta Selatan,31.74.02,Setiabudi
31,Daerah Khusus Ibukota Jakarta,31.74,Kota Administrasi Jakarta Selatan,31.74.03,Mampang Prapatan
31,Daerah Khusus Ibukota Jakarta,31.74,Kota Administrasi Jakarta Selatan,31.74.04,Pasar Minggu
31,Daerah Khusus Ibukota Jakarta,31.74,Kota Administrasi Jakarta Selatan,31.74.05,Kebayoran Lama
31,Daerah Khusus Ibukota Jakarta,31.74,Kota Administrasi Jakarta Selatan,31.74.06,Cilandak
31,Daerah Khusus Ibukota Jakarta,31.74,Kota Administrasi Jakarta Selatan,31.74.07,Kebayoran Baru
31,Daerah Khusus Ibukota Jakarta,31.74,Kota Administrasi Jakarta Selatan,31.74.08,Pancoran
31,Daerah Khusus Ibukota Jakarta,31.74,Kota Administrasi Jakarta Selatan,31.74.09,Jagakarsa
31,Daerah Khusus Ibukota Jakarta,31.74,Kota Administrasi Jakarta Selatan,31.74.10,Pesanggrahan
31,Daerah Khusus Ibukota Jakarta,31.75,Kota Administrasi Jakarta Timur,31.75.01,Matraman
31,Daerah Khusus Ibukota Jakarta,31.75,Kota Administrasi Jakarta Timur,31.75.02,Pulogadung
31,Daerah Khusus Ibukota Jakarta,31.75,Kota Administrasi Jakarta Timur,31.75.03,Jatinegara
31,Daerah Khusus Ibukota Jakarta,31.75,Kota Administrasi Jakarta Timur,31.75.04,Kramatjati
31,Daerah Khusus Ibukota Jakarta,31.75,Kota Administrasi Jakarta Timur,31.75.05,Pasar Rebo
31,Daerah Khusus Ibukota Jakarta,31.75,Kota Administrasi Jakarta Timur,31.75.06,Cakung
31,Daerah Khusus Ibukota Jakarta,31.75,Kota Administrasi Jakarta Timur,31.75.07,Duren Sawit
31,Daerah Khusus Ibukota Jakarta,31.75,Kota Administrasi Jakarta Timur,31.75.08,Makasar
31,Daerah Khusus Ibukota Jakarta,31.75,Kota Administrasi Jakarta Timur,31.75.09,Ciracas
31,Daerah Khusus Ibukota Jakarta,31.75,Kota Administrasi Jakarta Timur,31.75.10,Cipayung
32,Jawa Barat,32.01,Kabupaten Bogor,32.01.01,Cibinong
32,Jawa Barat,32.01,Kabupaten Bogor,32.01.02,Gunungputri
32,Jawa Barat,32.01,Kabupaten Bogor,32.01.03,Citeureup
32,Jawa Barat,32.01,Kabupaten Bogor,32.01.04,Sukaraja
32,Jawa Barat,32.01,Kabupaten Bogor,32.01.05,Babakan Madang
32,Jawa Barat,32.01,Kabupaten Bogor,32.01.06,Jonggol
32,Jawa Barat,32.01,Kabupaten Bogor,32.01.07,Cileungsi
32,Jawa Barat,32.01,Kabupaten Bogor,32.01.08,Cariu
32,Jawa Barat,32.01,Kabupaten Bogor,32.01.09,Sukamakmur
32,Jawa Barat,32.01,Kabupaten Bogor,32.01.10,Parung
32,Jawa Barat,32.01,Kabupaten Bogor,32.01.11,Gunungsindur
32,Jawa Barat,32.01,Kabupaten Bogor,32.01.12,Kemang
32,Jawa Barat,32.01,Kabupaten Bogor,32.01.13,Bojonggede
32,Jawa Barat,32.01,Kabupaten Bogor,32.01.14,Leuwiliang
32,Jawa Barat,32.01,Kabupaten Bogor,32.01.15,Ciampea
32,Jawa Barat,32.01,Kabupaten Bogor,32.01.16,Cibungbulang
32,Jawa Barat,32.01,Kabupaten Bogor,32.01.17,Pamijahan
32,Jawa Barat,32.01,Kabupaten Bogor,32.01.18,Rumpin
32,Jawa Barat,32.01,Kabupaten Bogor,32.01.19,Jasinga
32,Jawa Barat,32.01,Kabupaten Bogor,32.01.20,Parungpanjang
32,Jawa Barat,32.01,Kabupaten Bogor,32.01.21,Nanggung
32,Jawa Barat,32.01,Kabupaten Bogor,32.01.22,Cigudeg
32,Jawa Barat,32.01,Kabupaten Bogor,32.01.23,Tenjo
32,Jawa Barat,32.01,Kabupaten Bogor,32.01.24,Ciawi
32,Jawa Barat,32.01,Kabupaten Bogor,32.01.25,Cisarua
32,Jawa Barat,32.01,Kabupaten Bogor,32.01.26,Megamendung
32,Jawa Barat,32.01,Kabupaten Bogor,32.01.27,Caringin
32,Jawa Barat,32.01,Kabupaten Bogor,32.01.28,Cijeruk
32,Jawa Barat,32.01,Kabupaten Bogor,32.01.29,Ciomas
32,Jawa Barat,32.01,Kabupaten Bogor,32.01.30,Dramaga
32,Jawa Barat,32.01,Kabupaten Bogor,32.01.31,Tamansari
32,Jawa Barat,32.01,Kabupaten Bogor,32.01.32,Klapanunggal
32,Jawa Barat,32.01,Kabupaten Bogor,32.01.33,Ciseeng
32,Jawa Barat,32.01,Kabupaten Bogor,32.01.34,Rancabungur
32,Jawa Barat,32.01,Kabupaten Bogor,32.01.35,Sukajaya
32,Jawa Barat,32.01,Kabupaten Bogor,32.01.36,Tanjungsari
32,Jawa Barat,32.01,Kabupaten Bogor,32.01.37,Tajurhalang
32,Jawa Barat,32.01,Kabupaten Bogor,32.01.38,Cigombong
32,Jawa Barat,32.01,Kabupaten Bogor,32.01.39,Leuwisadeng
32,Jawa Barat,32.01,Kabupaten Bogor,32.01.40,Tenjolaya
32,Jawa Barat,32.02,Kabupaten Sukabumi,32.02.01,Palabuhanratu
32,Jawa Barat,32.02,Kabupaten Sukabumi,32.02.02,Simpenan
32,Jawa Barat,32.02,Kabupaten Sukabumi,32.02.03,Cikakak
32,Jawa Barat,32.02,Kabupaten Sukabumi,32.02.04,Bantargadung
32,Jawa Barat,32.02,Kabupaten Sukabumi,32.02.05,Cisolok
32,Jawa Barat,32.02,Kabupaten Sukabumi,32.02.06,Cikidang
32,Jawa Barat,32.02,Kabupaten Sukabumi,32.02.07,Lengkong
32,Jawa Barat,32.02,Kabupaten Sukabumi,32.02.08,Jampangtengah
32,Jawa Barat,32.02,Kabupaten Sukabumi,32.02.09,Warungkiara
32,Jawa Barat,32.02,Kabupaten Sukabumi,32.02.10,Cikembar
32,Jawa Barat,32.02,Kabupaten Sukabumi,32.02.11,Cibadak
32,Jawa Barat,32.02,Kabupaten Sukabumi,32.02.12,Nagrak
32,Jawa Barat,32.02,Kabupaten Sukabumi,32.02.13,Parungkuda
32,Jawa Barat,32.02,Kabupaten Sukabumi,32.02.14,Bojonggenteng
32,Jawa Barat,32.02,Kabupaten Sukabumi,32.02.15,Parakansalak
32,Jawa Barat,32.02,Kabupaten Sukabumi,32.02.16,Cicurug
32,Jawa Barat,32.02,Kabupaten Sukabumi,32.02.17,Cidahu
32,Jawa Barat,32.02,Kabupaten Sukabumi,32.02.18,Kalapanunggal
32,Jawa Barat,32.02,Kabupaten Sukabumi,32.02.19,Kabandungan
32,Jawa Barat,32.02,Kabupaten Sukabumi,32.02.20,Waluran
32,Jawa Barat,32.02,Kabupaten Sukabumi,32.02.21,Jampangkulon
32,Jawa Barat,32.02,Kabupaten Sukabumi,32.02.22,Ciemas
32,Jawa Barat,32.02,Kabupaten Sukabumi,32.02.23,Kalibunder
32,Jawa Barat,32.02,Kabupaten Sukabumi,32.02.24,Surade
32,Jawa Barat,32.02,Kabupaten Sukabumi,32.02.25,Cibitung
32,Jawa Barat,32.02,Kabupaten Sukabumi,32.02.26,Ciracap
32,Jawa Barat,32.02,Kabupaten Sukabumi,32.02.27,Gunungguruh
32,Jawa Barat,32.02,Kabupaten Sukabumi,32.02.28,Cicantayan
32,Jawa Barat,32.02,Kabupaten Sukabumi,32.02.29,Cisaat
32,Jawa Barat,32.02,Kabupaten Sukabumi,32.02.30,Kadudampit
32,Jawa Barat,32.02,Kabupaten Sukabumi,32.02.31,Caringin
32,Jawa Barat,32.02,Kabupaten Sukabumi,32.02.32,Sukabumi
32,Jawa Barat,32.02,Kabupaten Sukabumi,32.02.33,Sukaraja
32,Jawa Barat,32.02,Kabupaten Sukabumi,32.02.34,Kebonpedes
32,Jawa Barat,32.02,Kabupaten Sukabumi,32.02.35,Cireunghas
32,Jawa Barat,32.02,Kabupaten Sukabumi,32.02.36,Sukalarang
32,Jawa Barat,32.02,Kabupaten Sukabumi,32.02.37,Pabuaran
32,Jawa Barat,32.02,Kabupaten Sukabumi,32.02.38,Purabaya
32,Jawa Barat,32.02,Kabupaten Sukabumi,32.02.39,Nyalindung
32,Jawa Barat,32.02,Kabupaten Sukabumi,32.02.40,Gegerbitung
32,Jawa Barat,32.02,Kabupaten Sukabumi,32.02.41,Sagaranten
32,Jawa Barat,32.02,Kabupaten Sukabumi,32.02.42,Curugkembar
32,Jawa Barat,32.02,Kabupaten Sukabumi,32.02.43,Cidolog
32,Jawa Barat,32.02,Kabupaten Sukabumi,32.02.44,Cidadap
32,Jawa Barat,32.02,Kabupaten Sukabumi,32.02.45,Tegalbuleud
32,Jawa Barat,32.02,Kabupaten Sukabumi,32.02.46,Cimanggu
32,Jawa Barat,32.02,Kabupaten Sukabumi,32.02.47,Ciambar
32,Jawa Barat,32.03,Kabupaten Cianjur,32.03.01,Cianjur
32,Jawa Barat,32.03,Kabupaten Cianjur,32.03.02,Warungkondang
32,Jawa Barat,32.03,Kabupaten Cianjur,32.03.03,Cibeber
32,Jawa Barat,32.03,Kabupaten Cianjur,32.03.04,Cilaku
32,Jawa Barat,32.03,Kabupaten Cianjur,32.03.05,Ciranjang
32,Jawa Barat,32.03,Kabupaten Cianjur,32.03.06,Bonjogpicung
32,Jawa Barat,32.03,Kabupaten Cianjur,32.03.07,Karangtengah
32,Jawa Barat,32.03,Kabupaten Cianjur,32.03.08,Mande
32,Jawa Barat,32.03,Kabupaten Cianjur,32.03.09,Sukaluyu
32,Jawa Barat,32.03,Kabupaten Cianjur,32.03.10,Pacet
32,Jawa Barat,32.03,Kabupaten Cianjur,32.03.11,Cugenang
32,Jawa Barat,32.03,Kabupaten Cianjur,32.03.12,Cikalongkulon
32,Jawa Barat,32.03,Kabupaten Cianjur,32.03.13,Sukaresmi
32,Jawa Barat,32.03,Kabupaten Cianjur,32.03.14,Sukanagara
32,Jawa Barat,32.03,Kabupaten Cianjur,32.03.15,Campaka
32,Jawa Barat,32.03,Kabupaten Cianjur,32.03.16,Takokak
32,Jawa Barat,32.03,Kabupaten Cianjur,32.03.17,Kadupandak
32,Jawa Barat,32.03,Kabupaten Cianjur,32.03.18,Pagelarang
32,Jawa Barat,32.03,Kabupaten Cianjur,32.03.19,Tanggeung
32,Jawa Barat,32.03,Kabupaten Cianjur,32.03.20,Cubinong
32,Jawa Barat,32.03,Kabupaten Cianjur,32.03.21,Sindangbarang
32,Jawa Barat,32.03,Kabupaten Cianjur,32.03.22,Agrabinta
32,Jawa Barat,32.03,Kabupaten Cianjur,32.03.23,Cidaun
32,Jawa Barat,32.03,Kabupaten Cianjur,32.03.24,Naringgul
32,Jawa Barat,32.03,Kabupaten Cianjur,32.03.25,Campakamulya
32,Jawa Barat,32.03,Kabupaten Cianjur,32.03.26,Cikadu
32,Jawa Barat,32.03,Kabupaten Cianjur,32.03.27,Gekbrong
32,Jawa Barat,32.03,Kabupaten Cianjur,32.03.28,Cipanas
32,Jawa Barat,32.03,Kabupaten Cianjur,32.03.29,Cijati
32,Jawa Barat,32.03,Kabupaten Cianjur,32.03.30,Leles
32,Jawa Barat,32.03,Kabupaten Cianjur,32.03.31,Haurwangi
32,Jawa Barat,32.03,Kabupaten Cianjur,32.03.32,Pasirkuda
32,Jawa Barat,32.04,Kabupaten Bandung,32.04.05,Cileunyi
32,Jawa Barat,32.04,Kabupaten Bandung,32.04.06,Cimenyan
32,Jawa Barat,32.04,Kabupaten Bandung,32.04.07,Cilengkrang
32,Jawa Barat,32.04,Kabupaten Bandung,32.04.08,Bojongsoang
32,Jawa Barat,32.04,Kabupaten Bandung,32.04.09,Margahayu
32,Jawa Barat,32.04,Kabupaten Bandung,32.04.10,Margaasih
32,Jawa Barat,32.04,Kabupaten Bandung,32.04.11,Katapang
32,Jawa Barat,32.04,Kabupaten Bandung,32.04.12,Dayeuhkolot
32,Jawa Barat,32.04,Kabupaten Bandung,32.04.13,Banjaran
32,Jawa Barat,32.04,Kabupaten Bandung,32.04.14,Pameungpeuk
32,Jawa Barat,32.04,Kabupaten Bandung,32.04.15,Pangalengan
32,Jawa Barat,32.04,Kabupaten Bandung,32.04.16,Arjasari
32,Jawa Barat,32.04,Kabupaten Bandung,32.04.17,Cimaung
32,Jawa Barat,32.04,Kabupaten Bandung,32.04.25,Cicalengka
32,Jawa Barat,32.04,Kabupaten Bandung,32.04.26,Nagreg
32,Jawa Barat,32.04,Kabupaten Bandung,32.04.27,Cikancung
32,Jawa Barat,32.04,Kabupaten Bandung,32.04.28,Rancaekek
32,Jawa Barat,32.04,Kabupaten Bandung,32.04.29,Ciparay
32,Jawa Barat,32.04,Kabupaten Bandung,32.04.30,Pacet
32,Jawa Barat,32.04,Kabupaten Bandung,32.04.31,Kertasari
32,Jawa Barat,32.04,Kabupaten Bandung,32.04.32,Baleendah
32,Jawa Barat,32.04,Kabupaten Bandung,32.04.33,Majalaya
32,Jawa Barat,32.04,Kabupaten Bandung,32.04.34,Solokanjeruk
32,Jawa Barat,32.04,Kabupaten Bandung,32.04.35,Paseh
32,Jawa Barat,32.04,Kabupaten Bandung,32.04.36,Ibun
32,Jawa Barat,32.04,Kabupaten Bandung,32.04.37,Soreang
32,Jawa Barat,32.04,Kabupaten Bandung,32.04.38,Pasirjambu
32,Jawa Barat,32.04,Kabupaten Bandung,32.04.39,Ciwidey
32,Jawa Barat,32.04,Kabupaten Bandung,32.04.40,Rancabali
32,Jawa Barat,32.04,Kabupaten Bandung,32.04.44,Cangkuang
32,Jawa Barat,32.04,Kabupaten Bandung,32.04.46,Kutawaringin
32,Jawa Barat,32.05,Kabupaten Garut,32.05.01,Garut Kota
32,Jawa Barat,32.05,Kabupaten Garut,32.05.02,Karangpawitan
32,Jawa Barat,32.05,Kabupaten Garut,32.05.03,Wanaraja
32,Jawa Barat,32.05,Kabupaten Garut,32.05.04,Tarogong Kaler
32,Jawa Barat,32.05,Kabupaten Garut,32.05.05,Tarogong Kidul
32,Jawa Barat,32.05,Kabupaten Garut,32.05.06,Banyuresmi
32,Jawa Barat,32.05,Kabupaten Garut,32.05.07,Samarang
32,Jawa Barat,32.05,Kabupaten Garut,32.05.08,Pasirwangi
32,Jawa Barat,32.05,Kabupaten Garut,32.05.09,Leles
32,Jawa Barat,32.05,Kabupaten Garut,32.05.10,Kadungora
32,Jawa Barat,32.05,Kabupaten Garut,32.05.11,Leuwigoong
32,Jawa Barat,32.05,Kabupaten Garut,32.05.12,Cibatu
32,Jawa Barat,32.05,Kabupaten Garut,32.05.13,Kersamanah
32,Jawa Barat,32.05,Kabupaten Garut,32.05.14,Malangbong
32,Jawa Barat,32.05,Kabupaten Garut,32.05.15,Sukawening
32,Jawa Barat,32.05,Kabupaten Garut,32.05.16,Karangtengah
32,Jawa Barat,32.05,Kabupaten Garut,32.05.17,Bayongbong
32,Jawa Barat,32.05,Kabupaten Garut,32.05.18,Cigedug
32,Jawa Barat,32.05,Kabupaten Garut,32.05.19,Cilawu
32,Jawa Barat,32.05,Kabupaten Garut,32.05.20,Cisurupan
32,Jawa Barat,32.05,Kabupaten Garut,32.05.21,Sukaresmi
32,Jawa Barat,32.05,Kabupaten Garut,32.05.22,Cikajang
32,Jawa Barat,32.05,Kabupaten Garut,32.05.23,Banjarwangi
32,Jawa Barat,32.05,Kabupaten Garut,32.05.24,Singajaya
32,Jawa Barat,32.05,Kabupaten Garut,32.05.25,Cihurip
32,Jawa Barat,32.05,Kabupaten Garut,32.05.26,Peundeuy
32,Jawa Barat,32.05,Kabupaten Garut,32.05.27,Pameungpeuk
32,Jawa Barat,32.05,Kabupaten Garut,32.05.28,Cisompet
32,Jawa Barat,32.05,Kabupaten Garut,32.05.29,Cibalong
32,Jawa Barat,32.05,Kabupaten Garut,32.05.30,Cikelet
32,Jawa Barat,32.05,Kabupaten Garut,32.05.31,Bungbulang
32,Jawa Barat,32.05,Kabupaten Garut,32.05.32,Mekarmukti
32,Jawa Barat,32.05,Kabupaten Garut,32.05.33,Pakenjeng
32,Jawa Barat,32.05,Kabupaten Garut,32.05.34,Pamulihan
32,Jawa Barat,32.05,Kabupaten Garut,32.05.35,Cisewu
32,Jawa Barat,32.05,Kabupaten Garut,32.05.36,Caringin
32,Jawa Barat,32.05,Kabupaten Garut,32.05.37,Talegong
32,Jawa Barat,32.05,Kabupaten Garut,32.05.38,Limbangan
32,Jawa Barat,32.05,Kabupaten Garut,32.05.39,Selaawi
32,Jawa Barat,32.05,Kabupaten Garut,32.05.40,Cibiuk
32,Jawa Barat,32.05,Kabupaten Garut,32.05.41,Pangatikan
32,Jawa Barat,32.05,Kabupaten Garut,32.05.42,Sucinaraja
32,Jawa Barat,32.06,Kabupaten Tasikmalaya,32.06.01,Cipatujah
32,Jawa Barat,32.06,Kabupaten Tasikmalaya,32.06.02,Karangnunggal
32,Jawa Barat,32.06,Kabupaten Tasikmalaya,32.06.03,Cikalong
32,Jawa Barat,32.06,Kabupaten Tasikmalaya,32.06.04,Pancatengah
32,Jawa Barat,32.06,Kabupaten Tasikmalaya,32.06.05,Cikatomas
32,Jawa Barat,32.06,Kabupaten Tasikmalaya,32.06.06,Cibalong
32,Jawa Barat,32.06,Kabupaten Tasikmalaya,32.06.07,Parungponteng
32,Jawa Barat,32.06,Kabupaten Tasikmalaya,32.06.08,Bantarkalong
32,Jawa Barat,32.06,Kabupaten Tasikmalaya,32.06.09,Bojongasih
32,Jawa Barat,32.06,Kabupaten Tasikmalaya,32.06.10,Culamega
32,Jawa Barat,32.06,Kabupaten Tasikmalaya,32.06.11,Bojonggambir
32,Jawa Barat,32.06,Kabupaten Tasikmalaya,32.06.12,Sodonghilir
32,Jawa Barat,32.06,Kabupaten Tasikmalaya,32.06.13,Taraju
32,Jawa Barat,32.06,Kabupaten Tasikmalaya,32.06.14,Salawu
32,Jawa Barat,32.06,Kabupaten Tasikmalaya,32.06.15,Puspahiang
32,Jawa Barat,32.06,Kabupaten Tasikmalaya,32.06.16,Tanjungjaya
32,Jawa Barat,32.06,Kabupaten Tasikmalaya,32.06.17,Sukaraja
32,Jawa Barat,32.06,Kabupaten Tasikmalaya,32.06.18,Salopa
32,Jawa Barat,32.06,Kabupaten Tasikmalaya,32.06.19,Jatiwaras
32,Jawa Barat,32.06,Kabupaten Tasikmalaya,32.06.20,Cineam
32,Jawa Barat,32.06,Kabupaten Tasikmalaya,32.06.21,Karang Jaya
32,Jawa Barat,32.06,Kabupaten Tasikmalaya,32.06.22,Manonjaya
32,Jawa Barat,32.06,Kabupaten Tasikmalaya,32.06.23,Gunung Tanjung
32,Jawa Barat,32.06,Kabupaten Tasikmalaya,32.06.24,Singaparna
32,Jawa Barat,32.06,Kabupaten Tasikmalaya,32.06.25,Mangunreja
32,Jawa Barat,32.06,Kabupaten Tasikmalaya,32.06.26,Sukarame
32,Jawa Barat,32.06,Kabupaten Tasikmalaya,32.06.27,Cigalontang
32,Jawa Barat,32.06,Kabupaten Tasikmalaya,32.06.28,Leuwisari
32,Jawa Barat,32.06,Kabupaten Tasikmalaya,32.06.29,Padakembang
32,Jawa Barat,32.06,Kabupaten Tasikmalaya,32.06.30,Sariwangi
32,Jawa Barat,32.06,Kabupaten Tasikmalaya,32.06.31,Sukaratu
32,Jawa Barat,32.06,Kabupaten Tasikmalaya,32.06.32,Cisayong
32,Jawa Barat,32.06,Kabupaten Tasikmalaya,32.06.33,Sukahening
32,Jawa Barat,32.06,Kabupaten Tasikmalaya,32.06.34,Rajapolah
32,Jawa Barat,32.06,Kabupaten Tasikmalaya,32.06.35,Jamanis
32,Jawa Barat,32.06,Kabupaten Tasikmalaya,32.06.36,Ciawi
32,Jawa Barat,32.06,Kabupaten Tasikmalaya,32.06.37,Kadipaten
32,Jawa Barat,32.06,Kabupaten Tasikmalaya,32.06.38,Pagerageung
32,Jawa Barat,32.06,Kabupaten Tasikmalaya,32.06.39,Sukaresik
32,Jawa Barat,32.07,Kabupaten Ciamis,32.07.01,Ciamis
32,Jawa Barat,32.07,Kabupaten Ciamis,32.07.02,Cikoneng
32,Jawa Barat,32.07,Kabupaten Ciamis,32.07.03,Cijeungjing
32,Jawa Barat,32.07,Kabupaten Ciamis,32.07.04,Sadananya
32,Jawa Barat,32.07,Kabupaten Ciamis,32.07.05,Cidolog
32,Jawa Barat,32.07,Kabupaten Ciamis,32.07.06,Cihaurbeuti
32,Jawa Barat,32.07,Kabupaten Ciamis,32.07.07,Panumbangan
32,Jawa Barat,32.07,Kabupaten Ciamis,32.07.08,Panjalu
32,Jawa Barat,32.07,Kabupaten Ciamis,32.07.09,Kawali
32,Jawa Barat,32.07,Kabupaten Ciamis,32.07.10,Panawangan
32,Jawa Barat,32.07,Kabupaten Ciamis,32.07.11,Cipaku
32,Jawa Barat,32.07,Kabupaten Ciamis,32.07.12,Jatinagara
32,Jawa Barat,32.07,Kabupaten Ciamis,32.07.13,Rajadesa
32,Jawa Barat,32.07,Kabupaten Ciamis,32.07.14,Sukadana
32,Jawa Barat,32.07,Kabupaten Ciamis,32.07.15,Rancah
32,Jawa Barat,32.07,Kabupaten Ciamis,32.07.16,Tambaksari
32,Jawa Barat,32.07,Kabupaten Ciamis,32.07.17,Lakbok
32,Jawa Barat,32.07,Kabupaten Ciamis,32.07.18,Banjarsari
32,Jawa Barat,32.07,Kabupaten Ciamis,32.07.19,Pamarican
32,Jawa Barat,32.07,Kabupaten Ciamis,32.07.29,Cimaragas
32,Jawa Barat,32.07,Kabupaten Ciamis,32.07.30,Cisaga
32,Jawa Barat,32.07,Kabupaten Ciamis,32.07.31,Sindangkasih
32,Jawa Barat,32.07,Kabupaten Ciamis,32.07.32,Baregbeg
32,Jawa Barat,32.07,Kabupaten Ciamis,32.07.33,Sukamantri
32,Jawa Barat,32.07,Kabupaten Ciamis,32.07.34,Lumbung
32,Jawa Barat,32.07,Kabupaten Ciamis,32.07.35,Purwadadi
32,Jawa Barat,32.07,Kabupaten Ciamis,32.07.37,Banjaranyar
32,Jawa Barat,32.08,Kabupaten Kuningan,32.08.01,Kadugede
32,Jawa Barat,32.08,Kabupaten Kuningan,32.08.02,Ciniru
32,Jawa Barat,32.08,Kabupaten Kuningan,32.08.03,Subang
32,Jawa Barat,32.08,Kabupaten Kuningan,32.08.04,Ciwaru
32,Jawa Barat,32.08,Kabupaten Kuningan,32.08.05,Cibingbin
32,Jawa Barat,32.08,Kabupaten Kuningan,32.08.06,Luragung
32,Jawa Barat,32.08,Kabupaten Kuningan,32.08.07,Lebakwangi
32,Jawa Barat,32.08,Kabupaten Kuningan,32.08.08,Garawangi
32,Jawa Barat,32.08,Kabupaten Kuningan,32.08.09,Kuningan
32,Jawa Barat,32.08,Kabupaten Kuningan,32.08.10,Ciawigebang
32,Jawa Barat,32.08,Kabupaten Kuningan,32.08.11,Cidahu
32,Jawa Barat,32.08,Kabupaten Kuningan,32.08.12,Jalaksana
32,Jawa Barat,32.08,Kabupaten Kuningan,32.08.13,Cilimus
32,Jawa Barat,32.08,Kabupaten Kuningan,32.08.14,Mandirancan
32,Jawa Barat,32.08,Kabupaten Kuningan,32.08.15,Selajambe
32,Jawa Barat,32.08,Kabupaten Kuningan,32.08.16,Kramatmulya
32,Jawa Barat,32.08,Kabupaten Kuningan,32.08.17,Darma
32,Jawa Barat,32.08,Kabupaten Kuningan,32.08.18,Cigugur
32,Jawa Barat,32.08,Kabupaten Kuningan,32.08.19,Pasawahan
32,Jawa Barat,32.08,Kabupaten Kuningan,32.08.20,Nusaherang
32,Jawa Barat,32.08,Kabupaten Kuningan,32.08.21,Cipicung
32,Jawa Barat,32.08,Kabupaten Kuningan,32.08.22,Pancalang
32,Jawa Barat,32.08,Kabupaten Kuningan,32.08.23,Japara
32,Jawa Barat,32.08,Kabupaten Kuningan,32.08.24,Cimahi
32,Jawa Barat,32.08,Kabupaten Kuningan,32.08.25,Cilebak
32,Jawa Barat,32.08,Kabupaten Kuningan,32.08.26,Hantara
32,Jawa Barat,32.08,Kabupaten Kuningan,32.08.27,Kalimanggis
32,Jawa Barat,32.08,Kabupaten Kuningan,32.08.28,Cibeureum
32,Jawa Barat,32.08,Kabupaten Kuningan,32.08.29,Karangkancana
32,Jawa Barat,32.08,Kabupaten Kuningan,32.08.30,Maleber
32,Jawa Barat,32.08,Kabupaten Kuningan,32.08.31,Sindangagung
32,Jawa Barat,32.08,Kabupaten Kuningan,32.08.32,Cigandamekar
32,Jawa Barat,32.09,Kabupaten Cirebon,32.09.01,Waled
32,Jawa Barat,32.09,Kabupaten Cirebon,32.09.02,Ciledug
32,Jawa Barat,32.09,Kabupaten Cirebon,32.09.03,Losari
32,Jawa Barat,32.09,Kabupaten Cirebon,32.09.04,Pabedilan
32,Jawa Barat,32.09,Kabupaten Cirebon,32.09.05,Babakan
32,Jawa Barat,32.09,Kabupaten Cirebon,32.09.06,Karangsembung
32,Jawa Barat,32.09,Kabupaten Cirebon,32.09.07,Lemahabang
32,Jawa Barat,32.09,Kabupaten Cirebon,32.09.08,Susukan Lebak
32,Jawa Barat,32.09,Kabupaten Cirebon,32.09.09,Sedong
32,Jawa Barat,32.09,Kabupaten Cirebon,32.09.10,Astanajapura
32,Jawa Barat,32.09,Kabupaten Cirebon,32.09.11,Pangenan
32,Jawa Barat,32.09,Kabupaten Cirebon,32.09.12,Mundu
32,Jawa Barat,32.09,Kabupaten Cirebon,32.09.13,Beber
32,Jawa Barat,32.09,Kabupaten Cirebon,32.09.14,Talun
32,Jawa Barat,32.09,Kabupaten Cirebon,32.09.15,Sumber
32,Jawa Barat,32.09,Kabupaten Cirebon,32.09.16,Dukupuntang
32,Jawa Barat,32.09,Kabupaten Cirebon,32.09.17,Palimanan
32,Jawa Barat,32.09,Kabupaten Cirebon,32.09.18,Plumbon
32,Jawa Barat,32.09,Kabupaten Cirebon,32.09.19,Weru
32,Jawa Barat,32.09,Kabupaten Cirebon,32.09.20,Kedawung
32,Jawa Barat,32.09,Kabupaten Cirebon,32.09.21,Gunung Jati
32,Jawa Barat,32.09,Kabupaten Cirebon,32.09.22,Kepetakan
32,Jawa Barat,32.09,Kabupaten Cirebon,32.09.23,Klangenan
32,Jawa Barat,32.09,Kabupaten Cirebon,32.09.24,Arjawinangun
32,Jawa Barat,32.09,Kabupaten Cirebon,32.09.25,Panguragan
32,Jawa Barat,32.09,Kabupaten Cirebon,32.09.26,Ciwaringin
32,Jawa Barat,32.09,Kabupaten Cirebon,32.09.27,Susukan
32,Jawa Barat,32.09,Kabupaten Cirebon,32.09.28,Gegesik
32,Jawa Barat,32.09,Kabupaten Cirebon,32.09.29,Kaliwedi
32,Jawa Barat,32.09,Kabupaten Cirebon,32.09.30,Gebang
32,Jawa Barat,32.09,Kabupaten Cirebon,32.09.31,Depok
32,Jawa Barat,32.09,Kabupaten Cirebon,32.09.32,Pasaleman
32,Jawa Barat,32.09,Kabupaten Cirebon,32.09.33,Pabuaran
32,Jawa Barat,32.09,Kabupaten Cirebon,32.09.34,Karangwareng
32,Jawa Barat,32.09,Kabupaten Cirebon,32.09.35,Tengah Tani
32,Jawa Barat,32.09,Kabupaten Cirebon,32.09.36,Plered
32,Jawa Barat,32.09,Kabupaten Cirebon,32.09.37,Gempol
32,Jawa Barat,32.09,Kabupaten Cirebon,32.09.38,Greged
32,Jawa Barat,32.09,Kabupaten Cirebon,32.09.39,Suranenggala
32,Jawa Barat,32.09,Kabupaten Cirebon,32.09.40,Jamblang
32,Jawa Barat,32.10,Kabupaten Majalengka,32.10.01,Lemahsugih
32,Jawa Barat,32.10,Kabupaten Majalengka,32.10.02,Bantarujeg
32,Jawa Barat,32.10,Kabupaten Majalengka,32.10.03,Cikijing
32,Jawa Barat,32.10,Kabupaten Majalengka,32.10.04,Talaga
32,Jawa Barat,32.10,Kabupaten Majalengka,32.10.05,Argapura
32,Jawa Barat,32.10,Kabupaten Majalengka,32.10.06,Maja
32,Jawa Barat,32.10,Kabupaten Majalengka,32.10.07,Majalengka
32,Jawa Barat,32.10,Kabupaten Majalengka,32.10.08,Sukahaji
32,Jawa Barat,32.10,Kabupaten Majalengka,32.10.09,Rajagaluh
32,Jawa Barat,32.10,Kabupaten Majalengka,32.10.10,Leuwimunding
32,Jawa Barat,32.10,Kabupaten Majalengka,32.10.11,Jatiwangi
32,Jawa Barat,32.10,Kabupaten Majalengka,32.10.12,Dawuan
32,Jawa Barat,32.10,Kabupaten Majalengka,32.10.13,Kadipaten
32,Jawa Barat,32.10,Kabupaten Majalengka,32.10.14,Kertajati
32,Jawa Barat,32.10,Kabupaten Majalengka,32.10.15,Jatitujuh
32,Jawa Barat,32.10,Kabupaten Majalengka,32.10.16,Ligung
32,Jawa Barat,32.10,Kabupaten Majalengka,32.10.17,Sumberjaya
32,Jawa Barat,32.10,Kabupaten Majalengka,32.10.18,Panyingkiran
32,Jawa Barat,32.10,Kabupaten Majalengka,32.10.19,Palasah
32,Jawa Barat,32.10,Kabupaten Majalengka,32.10.20,Cigasong
32,Jawa Barat,32.10,Kabupaten Majalengka,32.10.21,Sindangwangi
32,Jawa Barat,32.10,Kabupaten Majalengka,32.10.22,Banjaran
32,Jawa Barat,32.10,Kabupaten Majalengka,32.10.23,Cingambul
32,Jawa Barat,32.10,Kabupaten Majalengka,32.10.24,Kasokandel
32,Jawa Barat,32.10,Kabupaten Majalengka,32.10.25,Sindang
32,Jawa Barat,32.10,Kabupaten Majalengka,32.10.26,Malausma
32,Jawa Barat,32.11,Kabupaten Sumedang,32.11.01,Wado
32,Jawa Barat,32.11,Kabupaten Sumedang,32.11.02,Jatinunggal
32,Jawa Barat,32.11,Kabupaten Sumedang,32.11.03,Darmaraja
32,Jawa Barat,32.11,Kabupaten Sumedang,32.11.04,Cibugel
32,Jawa Barat,32.11,Kabupaten Sumedang,32.11.05,Cisitu
32,Jawa Barat,32.11,Kabupaten Sumedang,32.11.06,Situraja
32,Jawa Barat,32.11,Kabupaten Sumedang,32.11.07,Conggeang
32,Jawa Barat,32.11,Kabupaten Sumedang,32.11.08,Paseh
32,Jawa Barat,32.11,Kabupaten Sumedang,32.11.09,Surian
32,Jawa Barat,32.11,Kabupaten Sumedang,32.11.10,Buahdua
32,Jawa Barat,32.11,Kabupaten Sumedang,32.11.11,Tanjungsari
32,Jawa Barat,32.11,Kabupaten Sumedang,32.11.12,Sukasari
32,Jawa Barat,32.11,Kabupaten Sumedang,32.11.13,Pamulihan
32,Jawa Barat,32.11,Kabupaten Sumedang,32.11.14,Cimanggung
32,Jawa Barat,32.11,Kabupaten Sumedang,32.11.15,Jatinangor
32,Jawa Barat,32.11,Kabupaten Sumedang,32.11.16,Rancakalong
32,Jawa Barat,32.11,Kabupaten Sumedang,32.11.17,Sumedang Selatan
32,Jawa Barat,32.11,Kabupaten Sumedang,32.11.18,Sumedang Utara
32,Jawa Barat,32.11,Kabupaten Sumedang,32.11.19,Ganeas
32,Jawa Barat,32.11,Kabupaten Sumedang,32.11.20,Tanjungkerta
32,Jawa Barat,32.11,Kabupaten Sumedang,32.11.21,Tanjungmedar
32,Jawa Barat,32.11,Kabupaten Sumedang,32.11.22,Cimalaka
32,Jawa Barat,32.11,Kabupaten Sumedang,32.11.23,Cisarua
32,Jawa Barat,32.11,Kabupaten Sumedang,32.11.24,Tomo
32,Jawa Barat,32.11,Kabupaten Sumedang,32.11.25,Ujungjaya
32,Jawa Barat,32.11,Kabupaten Sumedang,32.11.26,Jatigede
32,Jawa Barat,32.12,Kabupaten Indramayu,32.12.01,Haurgeulis
32,Jawa Barat,32.12,Kabupaten Indramayu,32.12.02,Kroya
32,Jawa Barat,32.12,Kabupaten Indramayu,32.12.03,Gabuswetan
32,Jawa Barat,32.12,Kabupaten Indramayu,32.12.04,Cikedung
32,Jawa Barat,32.12,Kabupaten Indramayu,32.12.05,Lelea
32,Jawa Barat,32.12,Kabupaten Indramayu,32.12.06,Bangodua
32,Jawa Barat,32.12,Kabupaten Indramayu,32.12.07,Widasari
32,Jawa Barat,32.12,Kabupaten Indramayu,32.12.08,Kertasemaya
32,Jawa Barat,32.12,Kabupaten Indramayu,32.12.09,Krangkeng
32,Jawa Barat,32.12,Kabupaten Indramayu,32.12.10,Karangampel
32,Jawa Barat,32.12,Kabupaten Indramayu,32.12.11,Juntinyuat
32,Jawa Barat,32.12,Kabupaten Indramayu,32.12.12,Sliyeg
32,Jawa Barat,32.12,Kabupaten Indramayu,32.12.13,Jatibarang
32,Jawa Barat,32.12,Kabupaten Indramayu,32.12.14,Balongan
32,Jawa Barat,32.12,Kabupaten Indramayu,32.12.15,Indramayu
32,Jawa Barat,32.12,Kabupaten Indramayu,32.12.16,Sindang
32,Jawa Barat,32.12,Kabupaten Indramayu,32.12.17,Cantigi
32,Jawa Barat,32.12,Kabupaten Indramayu,32.12.18,Lohbener
32,Jawa Barat,32.12,Kabupaten Indramayu,32.12.19,Arahan
32,Jawa Barat,32.12,Kabupaten Indramayu,32.12.20,Losarang
32,Jawa Barat,32.12,Kabupaten Indramayu,32.12.21,Kandanghaur
32,Jawa Barat,32.12,Kabupaten Indramayu,32.12.22,Bongas
32,Jawa Barat,32.12,Kabupaten Indramayu,32.12.23,Anjatan
32,Jawa Barat,32.12,Kabupaten Indramayu,32.12.24,Sukra
32,Jawa Barat,32.12,Kabupaten Indramayu,32.12.25,Gantar
32,Jawa Barat,32.12,Kabupaten Indramayu,32.12.26,Terisi
32,Jawa Barat,32.12,Kabupaten Indramayu,32.12.27,Sukagumiwang
32,Jawa Barat,32.12,Kabupaten Indramayu,32.12.28,Kedokan Bunder
32,Jawa Barat,32.12,Kabupaten Indramayu,32.12.29,Pasekan
32,Jawa Barat,32.12,Kabupaten Indramayu,32.12.30,Tukdana
32,Jawa Barat,32.12,Kabupaten Indramayu,32.12.31,Patrol
32,Jawa Barat,32.13,Kabupaten Subang,32.13.01,Sagalaherang
32,Jawa Barat,32.13,Kabupaten Subang,32.13.02,Cisalak
32,Jawa Barat,32.13,Kabupaten Subang,32.13.03,Subang
32,Jawa Barat,32.13,Kabupaten Subang,32.13.04,Kalijati
32,Jawa Barat,32.13,Kabupaten Subang,32.13.05,Pabuaran
32,Jawa Barat,32.13,Kabupaten Subang,32.13.06,Purwadadi
32,Jawa Barat,32.13,Kabupaten Subang,32.13.07,Pagaden
32,Jawa Barat,32.13,Kabupaten Subang,32.13.08,Binong
32,Jawa Barat,32.13,Kabupaten Subang,32.13.09,Ciasem
32,Jawa Barat,32.13,Kabupaten Subang,32.13.10,Pusakanagara
32,Jawa Barat,32.13,Kabupaten Subang,32.13.11,Pamanukan
32,Jawa Barat,32.13,Kabupaten Subang,32.13.12,Jalancagak
32,Jawa Barat,32.13,Kabupaten Subang,32.13.13,Blanakan
32,Jawa Barat,32.13,Kabupaten Subang,32.13.14,Tanjungsiang
32,Jawa Barat,32.13,Kabupaten Subang,32.13.15,Compreng
32,Jawa Barat,32.13,Kabupaten Subang,32.13.16,Patokbeusi
32,Jawa Barat,32.13,Kabupaten Subang,32.13.17,Cibogo
32,Jawa Barat,32.13,Kabupaten Subang,32.13.18,Cipunagara
32,Jawa Barat,32.13,Kabupaten Subang,32.13.19,Cijambe
32,Jawa Barat,32.13,Kabupaten Subang,32.13.20,Cipeundeuy
32,Jawa Barat,32.13,Kabupaten Subang,32.13.21,Legonkulon
32,Jawa Barat,32.13,Kabupaten Subang,32.13.22,Cikaum
32,Jawa Barat,32.13,Kabupaten Subang,32.13.23,Serangpanjang
32,Jawa Barat,32.13,Kabupaten Subang,32.13.24,Sukasari
32,Jawa Barat,32.13,Kabupaten Subang,32.13.25,Tambakdahan
32,Jawa Barat,32.13,Kabupaten Subang,32.13.26,Kasomalang
32,Jawa Barat,32.13,Kabupaten Subang,32.13.27,Dawuan
32,Jawa Barat,32.13,Kabupaten Subang,32.13.28,Pagaden Barat
32,Jawa Barat,32.13,Kabupaten Subang,32.13.29,Ciater
32,Jawa Barat,32.13,Kabupaten Subang,32.13.30,Pusakajaya
32,Jawa Barat,32.14,Kabupaten Purwakarta,32.14.01,Purwakarta
32,Jawa Barat,32.14,Kabupaten Purwakarta,32.14.02,Campaka
32,Jawa Barat,32.14,Kabupaten Purwakarta,32.14.03,Jatiluhur
32,Jawa Barat,32.14,Kabupaten Purwakarta,32.14.04,Plered
32,Jawa Barat,32.14,Kabupaten Purwakarta,32.14.05,Sukatani
32,Jawa Barat,32.14,Kabupaten Purwakarta,32.14.06,Darangdan
32,Jawa Barat,32.14,Kabupaten Purwakarta,32.14.07,Maniis
32,Jawa Barat,32.14,Kabupaten Purwakarta,32.14.08,Tegalwaru
32,Jawa Barat,32.14,Kabupaten Purwakarta,32.14.09,Wanayasa
32,Jawa Barat,32.14,Kabupaten Purwakarta,32.14.10,Pasawahan
32,Jawa Barat,32.14,Kabupaten Purwakarta,32.14.11,Bojong
32,Jawa Barat,32.14,Kabupaten Purwakarta,32.14.12,Babakancikao
32,Jawa Barat,32.14,Kabupaten Purwakarta,32.14.13,Bungursari
32,Jawa Barat,32.14,Kabupaten Purwakarta,32.14.14,Cibatu
32,Jawa Barat,32.14,Kabupaten Purwakarta,32.14.15,Sukasari
32,Jawa Barat,32.14,Kabupaten Purwakarta,32.14.16,Pondoksalam
32,Jawa Barat,32.14,Kabupaten Purwakarta,32.14.17,Kiarapedes
32,Jawa Barat,32.15,Kabupaten Karawang,32.15.01,Karawang Barat
32,Jawa Barat,32.15,Kabupaten Karawang,32.15.02,Pangkalan
32,Jawa Barat,32.15,Kabupaten Karawang,32.15.03,Telukjambe Timur
32,Jawa Barat,32.15,Kabupaten Karawang,32.15.04,Ciampel
32,Jawa Barat,32.15,Kabupaten Karawang,32.15.05,Klari
32,Jawa Barat,32.15,Kabupaten Karawang,32.15.06,Rengasdengklok
32,Jawa Barat,32.15,Kabupaten Karawang,32.15.07,Kutawaluya
32,Jawa Barat,32.15,Kabupaten Karawang,32.15.08,Batujaya
32,Jawa Barat,32.15,Kabupaten Karawang,32.15.09,Tirtajaya
32,Jawa Barat,32.15,Kabupaten Karawang,32.15.10,Pedes
32,Jawa Barat,32.15,Kabupaten Karawang,32.15.11,Cibuaya
32,Jawa Barat,32.15,Kabupaten Karawang,32.15.12,Pakisjaya
32,Jawa Barat,32.15,Kabupaten Karawang,32.15.13,Cikampek
32,Jawa Barat,32.15,Kabupaten Karawang,32.15.14,Jatisari
32,Jawa Barat,32.15,Kabupaten Karawang,32.15.15,Cilamaya Wetan
32,Jawa Barat,32.15,Kabupaten Karawang,32.15.16,Tirtamulya
32,Jawa Barat,32.15,Kabupaten Karawang,32.15.17,Telagasari
32,Jawa Barat,32.15,Kabupaten Karawang,32.15.18,Rawamerta
32,Jawa Barat,32.15,Kabupaten Karawang,32.15.19,Lemahabang
32,Jawa Barat,32.15,Kabupaten Karawang,32.15.20,Tempuran
32,Jawa Barat,32.15,Kabupaten Karawang,32.15.21,Majalaya
32,Jawa Barat,32.15,Kabupaten Karawang,32.15.22,Jayakerta
32,Jawa Barat,32.15,Kabupaten Karawang,32.15.23,Cilamaya Kulon
32,Jawa Barat,32.15,Kabupaten Karawang,32.15.24,Banyusari
32,Jawa Barat,32.15,Kabupaten Karawang,32.15.25,Kota Baru
32,Jawa Barat,32.15,Kabupaten Karawang,32.15.26,Karawang Timur
32,Jawa Barat,32.15,Kabupaten Karawang,32.15.27,Telukjambe Barat
32,Jawa Barat,32.15,Kabupaten Karawang,32.15.28,Tegalwaru
32,Jawa Barat,32.15,Kabupaten Karawang,32.15.29,Purwasari
32,Jawa Barat,32.15,Kabupaten Karawang,32.15.30,Cilebar
32,Jawa Barat,32.16,Kabupaten Bekasi,32.16.01,Tarumajaya
32,Jawa Barat,32.16,Kabupaten Bekasi,32.16.02,Babelan
32,Jawa Barat,32.16,Kabupaten Bekasi,32.16.03,Sukawangi
32,Jawa Barat,32.16,Kabupaten Bekasi,32.16.04,Tambelang
32,Jawa Barat,32.16,Kabupaten Bekasi,32.16.05,Tambun Utara
32,Jawa Barat,32.16,Kabupaten Bekasi,32.16.06,Tambun Selatan
32,Jawa Barat,32.16,Kabupaten Bekasi,32.16.07,Cibitung
32,Jawa Barat,32.16,Kabupaten Bekasi,32.16.08,Cikarang Barat
32,Jawa Barat,32.16,Kabupaten Bekasi,32.16.09,Cikarang Utara
32,Jawa Barat,32.16,Kabupaten Bekasi,32.16.10,Karang Bahagia
32,Jawa Barat,32.16,Kabupaten Bekasi,32.16.11,Cikarang Timur
32,Jawa Barat,32.16,Kabupaten Bekasi,32.16.12,Kedung Waringin
32,Jawa Barat,32.16,Kabupaten Bekasi,32.16.13,Pebayuran
32,Jawa Barat,32.16,Kabupaten Bekasi,32.16.14,Sukakarya
32,Jawa Barat,32.16,Kabupaten Bekasi,32.16.15,Sukatani
32,Jawa Barat,32.16,Kabupaten Bekasi,32.16.16,Cabangbungin
32,Jawa Barat,32.16,Kabupaten Bekasi,32.16.17,Muaragembong
32,Jawa Barat,32.16,Kabupaten Bekasi,32.16.18,Setu
32,Jawa Barat,32.16,Kabupaten Bekasi,32.16.19,Cikarang Selatan
32,Jawa Barat,32.16,Kabupaten Bekasi,32.16.20,Cikarang Pusat
32,Jawa Barat,32.16,Kabupaten Bekasi,32.16.21,Serang Baru
32,Jawa Barat,32.16,Kabupaten Bekasi,32.16.22,Cibarusah
32,Jawa Barat,32.16,Kabupaten Bekasi,32.16.23,Bojongmangu
32,Jawa Barat,32.17,Kabupaten Bandung Barat,32.17.01,Lembang
32,Jawa Barat,32.17,Kabupaten Bandung Barat,32.17.02,Parongpong
32,Jawa Barat,32.17,Kabupaten Bandung Barat,32.17.03,Cisarua
32,Jawa Barat,32.17,Kabupaten Bandung Barat,32.17.04,Cikalongwetan
32,Jawa Barat,32.17,Kabupaten Bandung Barat,32.17.05,Cipeundeuy
32,Jawa Barat,32.17,Kabupaten Bandung Barat,32.17.06,Ngamprah
32,Jawa Barat,32.17,Kabupaten Bandung Barat,32.17.07,Cipatat
32,Jawa Barat,32.17,Kabupaten Bandung Barat,32.17.08,Padalarang
32,Jawa Barat,32.17,Kabupaten Bandung Barat,32.17.09,Batujajar
32,Jawa Barat,32.17,Kabupaten Bandung Barat,32.17.10,Cihampelas
32,Jawa Barat,32.17,Kabupaten Bandung Barat,32.17.11,Cililin
32,Jawa Barat,32.17,Kabupaten Bandung Barat,32.17.12,Cipongkor
32,Jawa Barat,32.17,Kabupaten Bandung Barat,32.17.13,Rongga
32,Jawa Barat,32.17,Kabupaten Bandung Barat,32.17.14,Sindangkerta
32,Jawa Barat,32.17,Kabupaten Bandung Barat,32.17.15,Gununghalu
32,Jawa Barat,32.17,Kabupaten Bandung Barat,32.17.16,Saguling
32,Jawa Barat,32.18,Kabupaten Pangandaran,32.18.01,Parigi
32,Jawa Barat,32.18,Kabupaten Pangandaran,32.18.02,Cijulang
32,Jawa Barat,32.18,Kabupaten Pangandaran,32.18.03,Cimerak
32,Jawa Barat,32.18,Kabupaten Pangandaran,32.18.04,Cigugur
32,Jawa Barat,32.18,Kabupaten Pangandaran,32.18.05,Langkaplancar
32,Jawa Barat,32.18,Kabupaten Pangandaran,32.18.06,Mangunjaya
32,Jawa Barat,32.18,Kabupaten Pangandaran,32.18.07,Padaherang
32,Jawa Barat,32.18,Kabupaten Pangandaran,32.18.08,Kalipucang
32,Jawa Barat,32.18,Kabupaten Pangandaran,32.18.09,Pangandaran
32,Jawa Barat,32.18,Kabupaten Pangandaran,32.18.10,Sidamulih
32,Jawa Barat,32.71,Kota Bogor,32.71.01,Bogor Selatan
32,Jawa Barat,32.71,Kota Bogor,32.71.02,Bogor Timur
32,Jawa Barat,32.71,Kota Bogor,32.71.03,Bogor Tengah
32,Jawa Barat,32.71,Kota Bogor,32.71.04,Bogor Barat
32,Jawa Barat,32.71,Kota Bogor,32.71.05,Bogor Utara
32,Jawa Barat,32.71,Kota Bogor,32.71.06,Tanah Sareal
32,Jawa Barat,32.72,Kota Sukabumi,32.72.01,Gunung Puyuh
32,Jawa Barat,32.72,Kota Sukabumi,32.72.02,Cikole
32,Jawa Barat,32.72,Kota Sukabumi,32.72.03,Citamiang
32,Jawa Barat,32.72,Kota Sukabumi,32.72.04,Warudoyong
32,Jawa Barat,32.72,Kota Sukabumi,32.72.05,Baros
32,Jawa Barat,32.72,Kota Sukabumi,32.72.06,Lembursitu
32,Jawa Barat,32.72,Kota Sukabumi,32.72.07,Cibeureum
32,Jawa Barat,32.73,Kota Bandung,32.73.01,Sukasari
32,Jawa Barat,32.73,Kota Bandung,32.73.02,Coblong
32,Jawa Barat,32.73,Kota Bandung,32.73.03,Babakan Ciparay
32,Jawa Barat,32.73,Kota Bandung,32.73.04,Bojongloa Kaler
32,Jawa Barat,32.73,Kota Bandung,32.73.05,Andir
32,Jawa Barat,32.73,Kota Bandung,32.73.06,Cicendo
32,Jawa Barat,32.73,Kota Bandung,32.73.07,Sukajadi
32,Jawa Barat,32.73,Kota Bandung,32.73.08,Cidadap
32,Jawa Barat,32.73,Kota Bandung,32.73.09,Bandung Wetan
32,Jawa Barat,32.73,Kota Bandung,32.73.10,Astanaanyar
32,Jawa Barat,32.73,Kota Bandung,32.73.11,Regol
32,Jawa Barat,32.73,Kota Bandung,32.73.12,Batununggal
32,Jawa Barat,32.73,Kota Bandung,32.73.13,Lengkong
32,Jawa Barat,32.73,Kota Bandung,32.73.14,Cibeunying Kidul
32,Jawa Barat,32.73,Kota Bandung,32.73.15,Bandung Kulon
32,Jawa Barat,32.73,Kota Bandung,32.73.16,Kiaracondong
32,Jawa Barat,32.73,Kota Bandung,32.73.17,Bojongloa Kidul
32,Jawa Barat,32.73,Kota Bandung,32.73.18,Cibeunying Kaler
32,Jawa Barat,32.73,Kota Bandung,32.73.19,Sumur Bandung
32,Jawa Barat,32.73,Kota Bandung,32.73.20,Antapani
32,Jawa Barat,32.73,Kota Bandung,32.73.21,Bandung Kidul
32,Jawa Barat,32.73,Kota Bandung,32.73.22,Buahbatu
32,Jawa Barat,32.73,Kota Bandung,32.73.23,Rancasari
32,Jawa Barat,32.73,Kota Bandung,32.73.24,Arcamanik
32,Jawa Barat,32.73,Kota Bandung,32.73.25,Cibiru
32,Jawa Barat,32.73,Kota Bandung,32.73.26,Ujungberung
32,Jawa Barat,32.73,Kota Bandung,32.73.27,Gedebage
32,Jawa Barat,32.73,Kota Bandung,32.73.28,Panyileukan
32,Jawa Barat,32.73,Kota Bandung,32.73.29,Cinambo
32,Jawa Barat,32.73,Kota Bandung,32.73.30,Mandalajati
32,Jawa Barat,32.74,Kota Cirebon,32.74.01,Kejaksan
32,Jawa Barat,32.74,Kota Cirebon,32.74.02,Lemahwungkuk
32,Jawa Barat,32.74,Kota Cirebon,32.74.03,Harjamukti
32,Jawa Barat,32.74,Kota Cirebon,32.74.04,Pekalipan
32,Jawa Barat,32.74,Kota Cirebon,32.74.05,Kesambi
32,Jawa Barat,32.75,Kota Bekasi,32.75.01,Bekasi Timur
32,Jawa Barat,32.75,Kota Bekasi,32.75.02,Bekasi Barat
32,Jawa Barat,32.75,Kota Bekasi,32.75.03,Bekasi Utara
32,Jawa Barat,32.75,Kota Bekasi,32.75.04,Bekasi Selatan
32,Jawa Barat,32.75,Kota Bekasi,32.75.05,Rawalumbu
32,Jawa Barat,32.75,Kota Bekasi,32.75.06,Medansatria
32,Jawa Barat,32.75,Kota Bekasi,32.75.07,Bantargebang
32,Jawa Barat,32.75,Kota Bekasi,32.75.08,Pondokgede
32,Jawa Barat,32.75,Kota Bekasi,32.75.09,Jatiasih
32,Jawa Barat,32.75,Kota Bekasi,32.75.10,Jatisampurna
32,Jawa Barat,32.75,Kota Bekasi,32.75.11,Mustikajaya
32,Jawa Barat,32.75,Kota Bekasi,32.75.12,Pondokmelati
32,Jawa Barat,32.76,Kota Depok,32.76.01,Pancoran Mas
32,Jawa Barat,32.76,Kota Depok,32.76.02,Cimanggis
32,Jawa Barat,32.76,Kota Depok,32.76.03,Sawangan
32,Jawa Barat,32.76,Kota Depok,32.76.04,Limo
32,Jawa Barat,32.76,Kota Depok,32.76.05,Sukmajaya
32,Jawa Barat,32.76,Kota Depok,32.76.06,Beji
32,Jawa Barat,32.76,Kota Depok,32.76.07,Cipayung
32,Jawa Barat,32.76,Kota Depok,32.76.08,Cilodong
32,Jawa Barat,32.76,Kota Depok,32.76.09,Cinere
32,Jawa Barat,32.76,Kota Depok,32.76.10,Tapos
32,Jawa Barat,32.76,Kota Depok,32.76.11,Bojongsari
32,Jawa Barat,32.77,Kota Cimahi,32.77.01,Cimahi Selatan
32,Jawa Barat,32.77,Kota Cimahi,32.77.02,Cimahi Tengah
32,Jawa Barat,32.77,Kota Cimahi,32.77.03,Cimahi Utara
32,Jawa Barat,32.78,Kota Tasikmalaya,32.78.01,Cihideung
32,Jawa Barat,32.78,Kota Tasikmalaya,32.78.02,Cipedes
32,Jawa Barat,32.78,Kota Tasikmalaya,32.78.03,Tawang
32,Jawa Barat,32.78,Kota Tasikmalaya,32.78.04,Indihiang
32,Jawa Barat,32.78,Kota Tasikmalaya,32.78.05,Kawalu
32,Jawa Barat,32.78,Kota Tasikmalaya,32.78.06,Cibeureum
32,Jawa Barat,32.78,Kota Tasikmalaya,32.78.07,Tamansari
32,Jawa Barat,32.78,Kota Tasikmalaya,32.78.08,Mangkubumi
32,Jawa Barat,32.78,Kota Tasikmalaya,32.78.09,Bungursari
32,Jawa Barat,32.78,Kota Tasikmalaya,32.78.10,Purbaratu
32,Jawa Barat,32.79,Kota Banjar,32.79.01,Banjar
32,Jawa Barat,32.79,Kota Banjar,32.79.02,Pataruman
32,Jawa Barat,32.79,Kota Banjar,32.79.03,Purwaharja
32,Jawa Barat,32.79,Kota Banjar,32.79.04,Langensari
36,Banten,36.01,Kabupaten Pandeglang,36.01.01,Sumur
36,Banten,36.01,Kabupaten Pandeglang,36.01.02,Cimanggu
36,Banten,36.01,Kabupaten Pandeglang,36.01.03,Cibaliung
36,Banten,36.01,Kabupaten Pandeglang,36.01.04,Cikeusik
36,Banten,36.01,Kabupaten Pandeglang,36.01.05,Cigeulis
36,Banten,36.01,Kabupaten Pandeglang,36.01.06,Panimbang
36,Banten,36.01,Kabupaten Pandeglang,36.01.07,Angsana
36,Banten,36.01,Kabupaten Pandeglang,36.01.08,Munjul
36,Banten,36.01,Kabupaten Pandeglang,36.01.09,Pagelaran
36,Banten,36.01,Kabupaten Pandeglang,36.01.10,Bojong
36,Banten,36.01,Kabupaten Pandeglang,36.01.11,Picung
36,Banten,36.01,Kabupaten Pandeglang,36.01.12,Labuan
36,Banten,36.01,Kabupaten Pandeglang,36.01.13,Menes
36,Banten,36.01,Kabupaten Pandeglang,36.01.14,Saketi
36,Banten,36.01,Kabupaten Pandeglang,36.01.15,Cipeucang
36,Banten,36.01,Kabupaten Pandeglang,36.01.16,Jiput
36,Banten,36.01,Kabupaten Pandeglang,36.01.17,Mandalawangi
36,Banten,36.01,Kabupaten Pandeglang,36.01.18,Cimanuk
36,Banten,36.01,Kabupaten Pandeglang,36.01.19,Kaduhejo
36,Banten,36.01,Kabupaten Pandeglang,36.01.20,Banjar
36,Banten,36.01,Kabupaten Pandeglang,36.01.21,Pandeglang
36,Banten,36.01,Kabupaten Pandeglang,36.01.22,Cadasari
36,Banten,36.01,Kabupaten Pandeglang,36.01.23,Cisata
36,Banten,36.01,Kabupaten Pandeglang,36.01.24,Patia
36,Banten,36.01,Kabupaten Pandeglang,36.01.25,Karang Tanjung
36,Banten,36.01,Kabupaten Pandeglang,36.01.26,Cikedal
36,Banten,36.01,Kabupaten Pandeglang,36.01.27,Cibitung
36,Banten,36.01,Kabupaten Pandeglang,36.01.28,Carita
36,Banten,36.01,Kabupaten Pandeglang,36.01.29,Sukaresmi
36,Banten,36.01,Kabupaten Pandeglang,36.01.30,Mekarjaya
36,Banten,36.01,Kabupaten Pandeglang,36.01.31,Sindangresmi
36,Banten,36.01,Kabupaten Pandeglang,36.01.32,Pulosari
36,Banten,36.01,Kabupaten Pandeglang,36.01.33,Koroncong
36,Banten,36.01,Kabupaten Pandeglang,36.01.34,Majasari
36,Banten,36.01,Kabupaten Pandeglang,36.01.35,Sobang
36,Banten,36.02,Kabupaten Lebak,36.02.01,Malingping
36,Banten,36.02,Kabupaten Lebak,36.02.02,Panggarangan
36,Banten,36.02,Kabupaten Lebak,36.02.03,Bayah
36,Banten,36.02,Kabupaten Lebak,36.02.04,Cipanas
36,Banten,36.02,Kabupaten Lebak,36.02.05,Muncang
36,Banten,36.02,Kabupaten Lebak,36.02.06,Leuwidamar
36,Banten,36.02,Kabupaten Lebak,36.02.07,Bojongmanik
36,Banten,36.02,Kabupaten Lebak,36.02.08,Gunungkencana
36,Banten,36.02,Kabupaten Lebak,36.02.09,Banjarsari
36,Banten,36.02,Kabupaten Lebak,36.02.10,Cileles
36,Banten,36.02,Kabupaten Lebak,36.02.11,Cimarga
36,Banten,36.02,Kabupaten Lebak,36.02.12,Sajira
36,Banten,36.02,Kabupaten Lebak,36.02.13,Maja
36,Banten,36.02,Kabupaten Lebak,36.02.14,Rangkasbitung
36,Banten,36.02,Kabupaten Lebak,36.02.15,Warunggunung
36,Banten,36.02,Kabupaten Lebak,36.02.16,Cijaku
36,Banten,36.02,Kabupaten Lebak,36.02.17,Cikulur
36,Banten,36.02,Kabupaten Lebak,36.02.18,Cibadak
36,Banten,36.02,Kabupaten Lebak,36.02.19,Cibeber
36,Banten,36.02,Kabupaten Lebak,36.02.20,Cilograng
36,Banten,36.02,Kabupaten Lebak,36.02.21,Wanasalam
36,Banten,36.02,Kabupaten Lebak,36.02.22,Sobang
36,Banten,36.02,Kabupaten Lebak,36.02.23,Curugbitung
36,Banten,36.02,Kabupaten Lebak,36.02.24,Kalanganyar
36,Banten,36.02,Kabupaten Lebak,36.02.25,Lebakgedong
36,Banten,36.02,Kabupaten Lebak,36.02.26,Cihara
36,Banten,36.02,Kabupaten Lebak,36.02.27,Cirinten
36,Banten,36.02,Kabupaten Lebak,36.02.28,Cigemblong
36,Banten,36.03,Kabupaten Tangerang,36.03.01,Balaraja
36,Banten,36.03,Kabupaten Tangerang,36.03.02,Jayanti
36,Banten,36.03,Kabupaten Tangerang,36.03.03,Tigaraksa
36,Banten,36.03,Kabupaten Tangerang,36.03.04,Jambe
36,Banten,36.03,Kabupaten Tangerang,36.03.05,Cisoka
36,Banten,36.03,Kabupaten Tangerang,36.03.06,Kresek
36,Banten,36.03,Kabupaten Tangerang,36.03.07,Kronjo
36,Banten,36.03,Kabupaten Tangerang,36.03.08,Mauk
36,Banten,36.03,Kabupaten Tangerang,36.03.09,Kemiri
36,Banten,36.03,Kabupaten Tangerang,36.03.10,Sukadiri
36,Banten,36.03,Kabupaten Tangerang,36.03.11,Rajeg
36,Banten,36.03,Kabupaten Tangerang,36.03.12,Pasar Kemis
36,Banten,36.03,Kabupaten Tangerang,36.03.13,Teluknaga
36,Banten,36.03,Kabupaten Tangerang,36.03.14,Kosambi
36,Banten,36.03,Kabupaten Tangerang,36.03.15,Pakuhaji
36,Banten,36.03,Kabupaten Tangerang,36.03.16,Sepatan
36,Banten,36.03,Kabupaten Tangerang,36.03.17,Curug
36,Banten,36.03,Kabupaten Tangerang,36.03.18,Cikupa
36,Banten,36.03,Kabupaten Tangerang,36.03.19,Panongan
36,Banten,36.03,Kabupaten Tangerang,36.03.20,Legok
36,Banten,36.03,Kabupaten Tangerang,36.03.22,Pagedangan
36,Banten,36.03,Kabupaten Tangerang,36.03.23,Cisauk
36,Banten,36.03,Kabupaten Tangerang,36.03.27,Sukamulya
36,Banten,36.03,Kabupaten Tangerang,36.03.28,Kelapa Dua
36,Banten,36.03,Kabupaten Tangerang,36.03.29,Sindang Jaya
36,Banten,36.03,Kabupaten Tangerang,36.03.30,Sepatan Timur
36,Banten,36.03,Kabupaten Tangerang,36.03.31,Solear
36,Banten,36.03,Kabupaten Tangerang,36.03.32,Gunung Kaler
36,Banten,36.03,Kabupaten Tangerang,36.03.33,Mekar Baru
36,Banten,36.04,Kabupaten Serang,36.04.05,Kramatwatu
36,Banten,36.04,Kabupaten Serang,36.04.06,Waringinkurung
36,Banten,36.04,Kabupaten Serang,36.04.07,Bojonegara
36,Banten,36.04,Kabupaten Serang,36.04.08,Pulo Ampel
36,Banten,36.04,Kabupaten Serang,36.04.09,Ciruas
36,Banten,36.04,Kabupaten Serang,36.04.11,Kragilan
36,Banten,36.04,Kabupaten Serang,36.04.12,Pontang
36,Banten,36.04,Kabupaten Serang,36.04.13,Tirtayasa
36,Banten,36.04,Kabupaten Serang,36.04.14,Tanara
36,Banten,36.04,Kabupaten Serang,36.04.15,Cikande
36,Banten,36.04,Kabupaten Serang,36.04.16,Kibin
36,Banten,36.04,Kabupaten Serang,36.04.17,Carenang
36,Banten,36.04,Kabupaten Serang,36.04.18,Binuang
36,Banten,36.04,Kabupaten Serang,36.04.19,Petir
36,Banten,36.04,Kabupaten Serang,36.04.20,Tunjung Teja
36,Banten,36.04,Kabupaten Serang,36.04.22,Baros
36,Banten,36.04,Kabupaten Serang,36.04.23,Cikeusal
36,Banten,36.04,Kabupaten Serang,36.04.24,Pamarayan
36,Banten,36.04,Kabupaten Serang,36.04.25,Kopo
36,Banten,36.04,Kabupaten Serang,36.04.26,Jawilan
36,Banten,36.04,Kabupaten Serang,36.04.27,Ciomas
36,Banten,36.04,Kabupaten Serang,36.04.28,Pabuaran
36,Banten,36.04,Kabupaten Serang,36.04.29,Padarincang
36,Banten,36.04,Kabupaten Serang,36.04.30,Anyar
36,Banten,36.04,Kabupaten Serang,36.04.31,Cinangka
36,Banten,36.04,Kabupaten Serang,36.04.32,Mancak
36,Banten,36.04,Kabupaten Serang,36.04.33,Gunungsari
36,Banten,36.04,Kabupaten Serang,36.04.34,Bandung
36,Banten,36.04,Kabupaten Serang,36.04.35,Lebak Wangi
36,Banten,36.71,Kota Tangerang,36.71.01,Tangerang
36,Banten,36.71,Kota Tangerang,36.71.02,Jatiuwung
36,Banten,36.71,Kota Tangerang,36.71.03,Batuceper
36,Banten,36.71,Kota Tangerang,36.71.04,Benda
36,Banten,36.71,Kota Tangerang,36.71.05,Cipondoh
36,Banten,36.71,Kota Tangerang,36.71.06,Ciledug
36,Banten,36.71,Kota Tangerang,36.71.07,Karawaci
36,Banten,36.71,Kota Tangerang,36.71.08,Periuk
36,Banten,36.71,Kota Tangerang,36.71.09,Cibodas
36,Banten,36.71,Kota Tangerang,36.71.10,Neglasari
36,Banten,36.71,Kota Tangerang,36.71.11,Pinang
36,Banten,36.71,Kota Tangerang,36.71.12,Karang Tengah
36,Banten,36.71,Kota Tangerang,36.71.13,Larangan
36,Banten,36.72,Kota Cilegon,36.72.01,Cibeber
36,Banten,36.72,Kota Cilegon,36.72.02,Cilegon
36,Banten,36.72,Kota Cilegon,36.72.03,Pulomerak
36,Banten,36.72,Kota Cilegon,36.72.04,Ciwandan
36,Banten,36.72,Kota Cilegon,36.72.05,Jombang
36,Banten,36.72,Kota Cilegon,36.72.06,Gerogol
36,Banten,36.72,Kota Cilegon,36.72.07,Purwakarta
36,Banten,36.72,Kota Cilegon,36.72.08,Citangkil
36,Banten,36.73,Kota Serang,36.73.01,Serang
36,Banten,36.73,Kota Serang,36.73.02,Kasemen
36,Banten,36.73,Kota Serang,36.73.03,Walantaka
36,Banten,36.73,Kota Serang,36.73.04,Curug
36,Banten,36.73,Kota Serang,36.73.05,Cipocok Jaya
36,Banten,36.73,Kota Serang,36.73.06,Taktakan
36,Banten,36.74,Kota Tangerang Selatan,36.74.01,Serpong
36,Banten,36.74,Kota Tangerang Selatan,36.74.02,Serpong Utara
36,Banten,36.74,Kota Tangerang Selatan,36.74.03,Pondok Aren
36,Banten,36.74,Kota Tangerang Selatan,36.74.04,Ciputat
36,Banten,36.74,Kota Tangerang Selatan,36.74.05,Ciputat Timur
36,Banten,36.74,Kota Tangerang Selatan,36.74.06,Pamulang
36,Banten,36.74,Kota Tangerang Selatan,36.74.07,Setu
